Airport_ID,Airport_Name,City,Country
1,Indira Gandhi International Airport,Delhi,India
2,Chhatrapati Shivaji Maharaj International Airport,Mumbai,India
3,Kempegowda International Airport,Bengaluru,India
4,Rajiv Gandhi International Airport,Hyderabad,India
5,Netaji Subhas Chandra Bose International Airport,Kolkata,India
6,Pune International Airport,Pune,India
7,Indira Gandhi International Airport,Delhi,India
8,Chhatrapati Shivaji Maharaj International Airport,Mumbai,India
9,Kempegowda International Airport,Bengaluru,India
10,Rajiv Gandhi International Airport,Hyderabad,India
11,Netaji Subhas Chandra Bose International Airport,Kolkata,India
12,Pune International Airport,Pune,India
13,Indira Gandhi International Airport,Delhi,India
14,Chhatrapati Shivaji Maharaj International Airport,Mumbai,India
15,Kempegowda International Airport,Bengaluru,India
16,Rajiv Gandhi International Airport,Hyderabad,India
17,Netaji Subhas Chandra Bose International Airport,Kolkata,India
18,Pune International Airport,Pune,India
19,Indira Gandhi International Airport,Delhi,India
20,Chhatrapati Shivaji Maharaj International Airport,Mumbai,India
21,Kempegowda International Airport,Bengaluru,India
22,Rajiv Gandhi International Airport,Hyderabad,India
23,Netaji Subhas Chandra Bose International Airport,Kolkata,India
24,Pune International Airport,Pune,India
25,Indira Gandhi International Airport,Delhi,India
26,Chhatrapati Shivaji Maharaj International Airport,Mumbai,India
27,Kempegowda International Airport,Bengaluru,India
28,Rajiv Gandhi International Airport,Hyderabad,India
29,Netaji Subhas Chandra Bose International Airport,Kolkata,India
30,Pune International Airport,Pune,India
31,Indira Gandhi International Airport,Delhi,India
32,Chhatrapati Shivaji Maharaj International Airport,Mumbai,India
33,Kempegowda International Airport,Bengaluru,India
34,Rajiv Gandhi International Airport,Hyderabad,India
35,Netaji Subhas Chandra Bose International Airport,Kolkata,India
36,Pune International Airport,Pune,India
37,Indira Gandhi International Airport,Delhi,India
38,Chhatrapati Shivaji Maharaj International Airport,Mumbai,India
39,Kempegowda International Airport,Bengaluru,India
40,Rajiv Gandhi International Airport,Hyderabad,India
41,Netaji Subhas Chandra Bose International Airport,Kolkata,India
42,Pune International Airport,Pune,India
43,Indira Gandhi International Airport,Delhi,India
44,Chhatrapati Shivaji Maharaj International Airport,Mumbai,India
45,Kempegowda International Airport,Bengaluru,India
46,Rajiv Gandhi International Airport,Hyderabad,India
47,Netaji Subhas Chandra Bose International Airport,Kolkata,India
48,Pune International Airport,Pune,India
49,Indira Gandhi International Airport,Delhi,India
50,Chhatrapati Shivaji Maharaj International Airport,Mumbai,India
51,Kempegowda International Airport,Bengaluru,India
52,Rajiv Gandhi International Airport,Hyderabad,India
53,Netaji Subhas Chandra Bose International Airport,Kolkata,India
54,Pune International Airport,Pune,India
55,Indira Gandhi International Airport,Delhi,India
56,Chhatrapati Shivaji Maharaj International Airport,Mumbai,India
57,Kempegowda International Airport,Bengaluru,India
58,Rajiv Gandhi International Airport,Hyderabad,India
59,Netaji Subhas Chandra Bose International Airport,Kolkata,India
60,Pune International Airport,Pune,India
61,Indira Gandhi International Airport,Delhi,India
62,Chhatrapati Shivaji Maharaj International Airport,Mumbai,India
63,Kempegowda International Airport,Bengaluru,India
64,Rajiv Gandhi International Airport,Hyderabad,India
65,Netaji Subhas Chandra Bose International Airport,Kolkata,India
66,Pune International Airport,Pune,India
67,Indira Gandhi International Airport,Delhi,India
68,Chhatrapati Shivaji Maharaj International Airport,Mumbai,India
69,Kempegowda International Airport,Bengaluru,India
70,Rajiv Gandhi International Airport,Hyderabad,India
71,Netaji Subhas Chandra Bose International Airport,Kolkata,India
72,Pune International Airport,Pune,India
73,Indira Gandhi International Airport,Delhi,India
74,Chhatrapati Shivaji Maharaj International Airport,Mumbai,India
75,Kempegowda International Airport,Bengaluru,India
76,Rajiv Gandhi International Airport,Hyderabad,India
77,Netaji Subhas Chandra Bose International Airport,Kolkata,India
78,Pune International Airport,Pune,India
79,Indira Gandhi International Airport,Delhi,India
80,Chhatrapati Shivaji Maharaj International Airport,Mumbai,India
81,Kempegowda International Airport,Bengaluru,India
82,Rajiv Gandhi International Airport,Hyderabad,India
83,Netaji Subhas Chandra Bose International Airport,Kolkata,India
84,Pune International Airport,Pune,India
85,Indira Gandhi International Airport,Delhi,India
86,Chhatrapati Shivaji Maharaj International Airport,Mumbai,India
87,Kempegowda International Airport,Bengaluru,India
88,Rajiv Gandhi International Airport,Hyderabad,India
89,Netaji Subhas Chandra Bose International Airport,Kolkata,India
90,Pune International Airport,Pune,India
91,Indira Gandhi International Airport,Delhi,India
92,Chhatrapati Shivaji Maharaj International Airport,Mumbai,India
93,Kempegowda International Airport,Bengaluru,India
94,Rajiv Gandhi International Airport,Hyderabad,India
95,Netaji Subhas Chandra Bose International Airport,Kolkata,India
96,Pune International Airport,Pune,India
97,Indira Gandhi International Airport,Delhi,India
98,Chhatrapati Shivaji Maharaj International Airport,Mumbai,India
99,Kempegowda International Airport,Bengaluru,India
100,Rajiv Gandhi International Airport,Hyderabad,India
101,Netaji Subhas Chandra Bose International Airport,Kolkata,India
102,Pune International Airport,Pune,India
103,Indira Gandhi International Airport,Delhi,India
104,Chhatrapati Shivaji Maharaj International Airport,Mumbai,India
105,Kempegowda International Airport,Bengaluru,India
106,Rajiv Gandhi International Airport,Hyderabad,India
107,Netaji Subhas Chandra Bose International Airport,Kolkata,India
108,Pune International Airport,Pune,India
109,Indira Gandhi International Airport,Delhi,India
110,Chhatrapati Shivaji Maharaj International Airport,Mumbai,India
111,Kempegowda International Airport,Bengaluru,India
112,Rajiv Gandhi International Airport,Hyderabad,India
113,Netaji Subhas Chandra Bose International Airport,Kolkata,India
114,Pune International Airport,Pune,India
115,Indira Gandhi International Airport,Delhi,India
116,Chhatrapati Shivaji Maharaj International Airport,Mumbai,India
117,Kempegowda International Airport,Bengaluru,India
118,Rajiv Gandhi International Airport,Hyderabad,India
119,Netaji Subhas Chandra Bose International Airport,Kolkata,India
120,Pune International Airport,Pune,India
121,Indira Gandhi International Airport,Delhi,India
122,Chhatrapati Shivaji Maharaj International Airport,Mumbai,India
123,Kempegowda International Airport,Bengaluru,India
124,Rajiv Gandhi International Airport,Hyderabad,India
125,Netaji Subhas Chandra Bose International Airport,Kolkata,India
126,Pune International Airport,Pune,India
127,Indira Gandhi International Airport,Delhi,India
128,Chhatrapati Shivaji Maharaj International Airport,Mumbai,India
129,Kempegowda International Airport,Bengaluru,India
130,Rajiv Gandhi International Airport,Hyderabad,India
131,Netaji Subhas Chandra Bose International Airport,Kolkata,India
132,Pune International Airport,Pune,India
133,Indira Gandhi International Airport,Delhi,India
134,Chhatrapati Shivaji Maharaj International Airport,Mumbai,India
135,Kempegowda International Airport,Bengaluru,India
136,Rajiv Gandhi International Airport,Hyderabad,India
137,Netaji Subhas Chandra Bose International Airport,Kolkata,India
138,Pune International Airport,Pune,India
139,Indira Gandhi International Airport,Delhi,India
140,Chhatrapati Shivaji Maharaj International Airport,Mumbai,India
141,Kempegowda International Airport,Bengaluru,India
142,Rajiv Gandhi International Airport,Hyderabad,India
143,Netaji Subhas Chandra Bose International Airport,Kolkata,India
144,Pune International Airport,Pune,India
145,Indira Gandhi International Airport,Delhi,India
146,Chhatrapati Shivaji Maharaj International Airport,Mumbai,India
147,Kempegowda International Airport,Bengaluru,India
148,Rajiv Gandhi International Airport,Hyderabad,India
149,Netaji Subhas Chandra Bose International Airport,Kolkata,India
150,Pune International Airport,Pune,India
151,Indira Gandhi International Airport,Delhi,India
152,Chhatrapati Shivaji Maharaj International Airport,Mumbai,India
153,Kempegowda International Airport,Bengaluru,India
154,Rajiv Gandhi International Airport,Hyderabad,India
155,Netaji Subhas Chandra Bose International Airport,Kolkata,India
156,Pune International Airport,Pune,India
157,Indira Gandhi International Airport,Delhi,India
158,Chhatrapati Shivaji Maharaj International Airport,Mumbai,India
159,Kempegowda International Airport,Bengaluru,India
160,Rajiv Gandhi International Airport,Hyderabad,India
161,Netaji Subhas Chandra Bose International Airport,Kolkata,India
162,Pune International Airport,Pune,India
163,Indira Gandhi International Airport,Delhi,India
164,Chhatrapati Shivaji Maharaj International Airport,Mumbai,India
165,Kempegowda International Airport,Bengaluru,India
166,Rajiv Gandhi International Airport,Hyderabad,India
167,Netaji Subhas Chandra Bose International Airport,Kolkata,India
168,Pune International Airport,Pune,India
169,Indira Gandhi International Airport,Delhi,India
170,Chhatrapati Shivaji Maharaj International Airport,Mumbai,India
171,Kempegowda International Airport,Bengaluru,India
172,Rajiv Gandhi International Airport,Hyderabad,India
173,Netaji Subhas Chandra Bose International Airport,Kolkata,India
174,Pune International Airport,Pune,India
175,Indira Gandhi International Airport,Delhi,India
176,Chhatrapati Shivaji Maharaj International Airport,Mumbai,India
177,Kempegowda International Airport,Bengaluru,India
178,Rajiv Gandhi International Airport,Hyderabad,India
179,Netaji Subhas Chandra Bose International Airport,Kolkata,India
180,Pune International Airport,Pune,India
181,Indira Gandhi International Airport,Delhi,India
182,Chhatrapati Shivaji Maharaj International Airport,Mumbai,India
183,Kempegowda International Airport,Bengaluru,India
184,Rajiv Gandhi International Airport,Hyderabad,India
185,Netaji Subhas Chandra Bose International Airport,Kolkata,India
186,Pune International Airport,Pune,India
187,Indira Gandhi International Airport,Delhi,India
188,Chhatrapati Shivaji Maharaj International Airport,Mumbai,India
189,Kempegowda International Airport,Bengaluru,India
190,Rajiv Gandhi International Airport,Hyderabad,India
191,Netaji Subhas Chandra Bose International Airport,Kolkata,India
192,Pune International Airport,Pune,India
193,Indira Gandhi International Airport,Delhi,India
194,Chhatrapati Shivaji Maharaj International Airport,Mumbai,India
195,Kempegowda International Airport,Bengaluru,India
196,Rajiv Gandhi International Airport,Hyderabad,India
197,Netaji Subhas Chandra Bose International Airport,Kolkata,India
198,Pune International Airport,Pune,India
199,Indira Gandhi International Airport,Delhi,India
200,Chhatrapati Shivaji Maharaj International Airport,Mumbai,India
201,Kempegowda International Airport,Bengaluru,India
202,Rajiv Gandhi International Airport,Hyderabad,India
203,Netaji Subhas Chandra Bose International Airport,Kolkata,India
204,Pune International Airport,Pune,India
205,Indira Gandhi International Airport,Delhi,India
206,Chhatrapati Shivaji Maharaj International Airport,Mumbai,India
207,Kempegowda International Airport,Bengaluru,India
208,Rajiv Gandhi International Airport,Hyderabad,India
209,Netaji Subhas Chandra Bose International Airport,Kolkata,India
210,Pune International Airport,Pune,India
211,Indira Gandhi International Airport,Delhi,India
212,Chhatrapati Shivaji Maharaj International Airport,Mumbai,India
213,Kempegowda International Airport,Bengaluru,India
214,Rajiv Gandhi International Airport,Hyderabad,India
215,Netaji Subhas Chandra Bose International Airport,Kolkata,India
216,Pune International Airport,Pune,India
217,Indira Gandhi International Airport,Delhi,India
218,Chhatrapati Shivaji Maharaj International Airport,Mumbai,India
219,Kempegowda International Airport,Bengaluru,India
220,Rajiv Gandhi International Airport,Hyderabad,India
221,Netaji Subhas Chandra Bose International Airport,Kolkata,India
222,Pune International Airport,Pune,India
223,Indira Gandhi International Airport,Delhi,India
224,Chhatrapati Shivaji Maharaj International Airport,Mumbai,India
225,Kempegowda International Airport,Bengaluru,India
226,Rajiv Gandhi International Airport,Hyderabad,India
227,Netaji Subhas Chandra Bose International Airport,Kolkata,India
228,Pune International Airport,Pune,India
229,Indira Gandhi International Airport,Delhi,India
230,Chhatrapati Shivaji Maharaj International Airport,Mumbai,India
231,Kempegowda International Airport,Bengaluru,India
232,Rajiv Gandhi International Airport,Hyderabad,India
233,Netaji Subhas Chandra Bose International Airport,Kolkata,India
234,Pune International Airport,Pune,India
235,Indira Gandhi International Airport,Delhi,India
236,Chhatrapati Shivaji Maharaj International Airport,Mumbai,India
237,Kempegowda International Airport,Bengaluru,India
238,Rajiv Gandhi International Airport,Hyderabad,India
239,Netaji Subhas Chandra Bose International Airport,Kolkata,India
240,Pune International Airport,Pune,India
241,Indira Gandhi International Airport,Delhi,India
242,Chhatrapati Shivaji Maharaj International Airport,Mumbai,India
243,Kempegowda International Airport,Bengaluru,India
244,Rajiv Gandhi International Airport,Hyderabad,India
245,Netaji Subhas Chandra Bose International Airport,Kolkata,India
246,Pune International Airport,Pune,India
247,Indira Gandhi International Airport,Delhi,India
248,Chhatrapati Shivaji Maharaj International Airport,Mumbai,India
249,Kempegowda International Airport,Bengaluru,India
250,Rajiv Gandhi International Airport,Hyderabad,India
251,Netaji Subhas Chandra Bose International Airport,Kolkata,India
252,Pune International Airport,Pune,India
253,Indira Gandhi International Airport,Delhi,India
254,Chhatrapati Shivaji Maharaj International Airport,Mumbai,India
255,Kempegowda International Airport,Bengaluru,India
256,Rajiv Gandhi International Airport,Hyderabad,India
257,Netaji Subhas Chandra Bose International Airport,Kolkata,India
258,Pune International Airport,Pune,India
259,Indira Gandhi International Airport,Delhi,India
260,Chhatrapati Shivaji Maharaj International Airport,Mumbai,India
261,Kempegowda International Airport,Bengaluru,India
262,Rajiv Gandhi International Airport,Hyderabad,India
263,Netaji Subhas Chandra Bose International Airport,Kolkata,India
264,Pune International Airport,Pune,India
265,Indira Gandhi International Airport,Delhi,India
266,Chhatrapati Shivaji Maharaj International Airport,Mumbai,India
267,Kempegowda International Airport,Bengaluru,India
268,Rajiv Gandhi International Airport,Hyderabad,India
269,Netaji Subhas Chandra Bose International Airport,Kolkata,India
270,Pune International Airport,Pune,India
271,Indira Gandhi International Airport,Delhi,India
272,Chhatrapati Shivaji Maharaj International Airport,Mumbai,India
273,Kempegowda International Airport,Bengaluru,India
274,Rajiv Gandhi International Airport,Hyderabad,India
275,Netaji Subhas Chandra Bose International Airport,Kolkata,India
276,Pune International Airport,Pune,India
277,Indira Gandhi International Airport,Delhi,India
278,Chhatrapati Shivaji Maharaj International Airport,Mumbai,India
279,Kempegowda International Airport,Bengaluru,India
280,Rajiv Gandhi International Airport,Hyderabad,India
281,Netaji Subhas Chandra Bose International Airport,Kolkata,India
282,Pune International Airport,Pune,India
283,Indira Gandhi International Airport,Delhi,India
284,Chhatrapati Shivaji Maharaj International Airport,Mumbai,India
285,Kempegowda International Airport,Bengaluru,India
286,Rajiv Gandhi International Airport,Hyderabad,India
287,Netaji Subhas Chandra Bose International Airport,Kolkata,India
288,Pune International Airport,Pune,India
289,Indira Gandhi International Airport,Delhi,India
290,Chhatrapati Shivaji Maharaj International Airport,Mumbai,India
291,Kempegowda International Airport,Bengaluru,India
292,Rajiv Gandhi International Airport,Hyderabad,India
293,Netaji Subhas Chandra Bose International Airport,Kolkata,India
294,Pune International Airport,Pune,India
295,Indira Gandhi International Airport,Delhi,India
296,Chhatrapati Shivaji Maharaj International Airport,Mumbai,India
297,Kempegowda International Airport,Bengaluru,India
298,Rajiv Gandhi International Airport,Hyderabad,India
299,Netaji Subhas Chandra Bose International Airport,Kolkata,India
300,Pune International Airport,Pune,India
301,Indira Gandhi International Airport,Delhi,India
302,Chhatrapati Shivaji Maharaj International Airport,Mumbai,India
303,Kempegowda International Airport,Bengaluru,India
304,Rajiv Gandhi International Airport,Hyderabad,India
305,Netaji Subhas Chandra Bose International Airport,Kolkata,India
306,Pune International Airport,Pune,India
307,Indira Gandhi International Airport,Delhi,India
308,Chhatrapati Shivaji Maharaj International Airport,Mumbai,India
309,Kempegowda International Airport,Bengaluru,India
310,Rajiv Gandhi International Airport,Hyderabad,India
311,Netaji Subhas Chandra Bose International Airport,Kolkata,India
312,Pune International Airport,Pune,India
313,Indira Gandhi International Airport,Delhi,India
314,Chhatrapati Shivaji Maharaj International Airport,Mumbai,India
315,Kempegowda International Airport,Bengaluru,India
316,Rajiv Gandhi International Airport,Hyderabad,India
317,Netaji Subhas Chandra Bose International Airport,Kolkata,India
318,Pune International Airport,Pune,India
319,Indira Gandhi International Airport,Delhi,India
320,Chhatrapati Shivaji Maharaj International Airport,Mumbai,India
321,Kempegowda International Airport,Bengaluru,India
322,Rajiv Gandhi International Airport,Hyderabad,India
323,Netaji Subhas Chandra Bose International Airport,Kolkata,India
324,Pune International Airport,Pune,India
325,Indira Gandhi International Airport,Delhi,India
326,Chhatrapati Shivaji Maharaj International Airport,Mumbai,India
327,Kempegowda International Airport,Bengaluru,India
328,Rajiv Gandhi International Airport,Hyderabad,India
329,Netaji Subhas Chandra Bose International Airport,Kolkata,India
330,Pune International Airport,Pune,India
331,Indira Gandhi International Airport,Delhi,India
332,Chhatrapati Shivaji Maharaj International Airport,Mumbai,India
333,Kempegowda International Airport,Bengaluru,India
334,Rajiv Gandhi International Airport,Hyderabad,India
335,Netaji Subhas Chandra Bose International Airport,Kolkata,India
336,Pune International Airport,Pune,India
337,Indira Gandhi International Airport,Delhi,India
338,Chhatrapati Shivaji Maharaj International Airport,Mumbai,India
339,Kempegowda International Airport,Bengaluru,India
340,Rajiv Gandhi International Airport,Hyderabad,India
341,Netaji Subhas Chandra Bose International Airport,Kolkata,India
342,Pune International Airport,Pune,India
343,Indira Gandhi International Airport,Delhi,India
344,Chhatrapati Shivaji Maharaj International Airport,Mumbai,India
345,Kempegowda International Airport,Bengaluru,India
346,Rajiv Gandhi International Airport,Hyderabad,India
347,Netaji Subhas Chandra Bose International Airport,Kolkata,India
348,Pune International Airport,Pune,India
349,Indira Gandhi International Airport,Delhi,India
350,Chhatrapati Shivaji Maharaj International Airport,Mumbai,India
351,Kempegowda International Airport,Bengaluru,India
352,Rajiv Gandhi International Airport,Hyderabad,India
353,Netaji Subhas Chandra Bose International Airport,Kolkata,India
354,Pune International Airport,Pune,India
355,Indira Gandhi International Airport,Delhi,India
356,Chhatrapati Shivaji Maharaj International Airport,Mumbai,India
357,Kempegowda International Airport,Bengaluru,India
358,Rajiv Gandhi International Airport,Hyderabad,India
359,Netaji Subhas Chandra Bose International Airport,Kolkata,India
360,Pune International Airport,Pune,India
361,Indira Gandhi International Airport,Delhi,India
362,Chhatrapati Shivaji Maharaj International Airport,Mumbai,India
363,Kempegowda International Airport,Bengaluru,India
364,Rajiv Gandhi International Airport,Hyderabad,India
365,Netaji Subhas Chandra Bose International Airport,Kolkata,India
366,Pune International Airport,Pune,India
367,Indira Gandhi International Airport,Delhi,India
368,Chhatrapati Shivaji Maharaj International Airport,Mumbai,India
369,Kempegowda International Airport,Bengaluru,India
370,Rajiv Gandhi International Airport,Hyderabad,India
371,Netaji Subhas Chandra Bose International Airport,Kolkata,India
372,Pune International Airport,Pune,India
373,Indira Gandhi International Airport,Delhi,India
374,Chhatrapati Shivaji Maharaj International Airport,Mumbai,India
375,Kempegowda International Airport,Bengaluru,India
376,Rajiv Gandhi International Airport,Hyderabad,India
377,Netaji Subhas Chandra Bose International Airport,Kolkata,India
378,Pune International Airport,Pune,India
379,Indira Gandhi International Airport,Delhi,India
380,Chhatrapati Shivaji Maharaj International Airport,Mumbai,India
381,Kempegowda International Airport,Bengaluru,India
382,Rajiv Gandhi International Airport,Hyderabad,India
383,Netaji Subhas Chandra Bose International Airport,Kolkata,India
384,Pune International Airport,Pune,India
385,Indira Gandhi International Airport,Delhi,India
386,Chhatrapati Shivaji Maharaj International Airport,Mumbai,India
387,Kempegowda International Airport,Bengaluru,India
388,Rajiv Gandhi International Airport,Hyderabad,India
389,Netaji Subhas Chandra Bose International Airport,Kolkata,India
390,Pune International Airport,Pune,India
391,Indira Gandhi International Airport,Delhi,India
392,Chhatrapati Shivaji Maharaj International Airport,Mumbai,India
393,Kempegowda International Airport,Bengaluru,India
394,Rajiv Gandhi International Airport,Hyderabad,India
395,Netaji Subhas Chandra Bose International Airport,Kolkata,India
396,Pune International Airport,Pune,India
397,Indira Gandhi International Airport,Delhi,India
398,Chhatrapati Shivaji Maharaj International Airport,Mumbai,India
399,Kempegowda International Airport,Bengaluru,India
400,Rajiv Gandhi International Airport,Hyderabad,India
401,Netaji Subhas Chandra Bose International Airport,Kolkata,India
402,Pune International Airport,Pune,India
403,Indira Gandhi International Airport,Delhi,India
404,Chhatrapati Shivaji Maharaj International Airport,Mumbai,India
405,Kempegowda International Airport,Bengaluru,India
406,Rajiv Gandhi International Airport,Hyderabad,India
407,Netaji Subhas Chandra Bose International Airport,Kolkata,India
408,Pune International Airport,Pune,India
409,Indira Gandhi International Airport,Delhi,India
410,Chhatrapati Shivaji Maharaj International Airport,Mumbai,India
411,Kempegowda International Airport,Bengaluru,India
412,Rajiv Gandhi International Airport,Hyderabad,India
413,Netaji Subhas Chandra Bose International Airport,Kolkata,India
414,Pune International Airport,Pune,India
415,Indira Gandhi International Airport,Delhi,India
416,Chhatrapati Shivaji Maharaj International Airport,Mumbai,India
417,Kempegowda International Airport,Bengaluru,India
418,Rajiv Gandhi International Airport,Hyderabad,India
419,Netaji Subhas Chandra Bose International Airport,Kolkata,India
420,Pune International Airport,Pune,India
421,Indira Gandhi International Airport,Delhi,India
422,Chhatrapati Shivaji Maharaj International Airport,Mumbai,India
423,Kempegowda International Airport,Bengaluru,India
424,Rajiv Gandhi International Airport,Hyderabad,India
425,Netaji Subhas Chandra Bose International Airport,Kolkata,India
426,Pune International Airport,Pune,India
427,Indira Gandhi International Airport,Delhi,India
428,Chhatrapati Shivaji Maharaj International Airport,Mumbai,India
429,Kempegowda International Airport,Bengaluru,India
430,Rajiv Gandhi International Airport,Hyderabad,India
431,Netaji Subhas Chandra Bose International Airport,Kolkata,India
432,Pune International Airport,Pune,India
433,Indira Gandhi International Airport,Delhi,India
434,Chhatrapati Shivaji Maharaj International Airport,Mumbai,India
435,Kempegowda International Airport,Bengaluru,India
436,Rajiv Gandhi International Airport,Hyderabad,India
437,Netaji Subhas Chandra Bose International Airport,Kolkata,India
438,Pune International Airport,Pune,India
439,Indira Gandhi International Airport,Delhi,India
440,Chhatrapati Shivaji Maharaj International Airport,Mumbai,India
441,Kempegowda International Airport,Bengaluru,India
442,Rajiv Gandhi International Airport,Hyderabad,India
443,Netaji Subhas Chandra Bose International Airport,Kolkata,India
444,Pune International Airport,Pune,India
445,Indira Gandhi International Airport,Delhi,India
446,Chhatrapati Shivaji Maharaj International Airport,Mumbai,India
447,Kempegowda International Airport,Bengaluru,India
448,Rajiv Gandhi International Airport,Hyderabad,India
449,Netaji Subhas Chandra Bose International Airport,Kolkata,India
450,Pune International Airport,Pune,India
451,Indira Gandhi International Airport,Delhi,India
452,Chhatrapati Shivaji Maharaj International Airport,Mumbai,India
453,Kempegowda International Airport,Bengaluru,India
454,Rajiv Gandhi International Airport,Hyderabad,India
455,Netaji Subhas Chandra Bose International Airport,Kolkata,India
456,Pune International Airport,Pune,India
457,Indira Gandhi International Airport,Delhi,India
458,Chhatrapati Shivaji Maharaj International Airport,Mumbai,India
459,Kempegowda International Airport,Bengaluru,India
460,Rajiv Gandhi International Airport,Hyderabad,India
461,Netaji Subhas Chandra Bose International Airport,Kolkata,India
462,Pune International Airport,Pune,India
463,Indira Gandhi International Airport,Delhi,India
464,Chhatrapati Shivaji Maharaj International Airport,Mumbai,India
465,Kempegowda International Airport,Bengaluru,India
466,Rajiv Gandhi International Airport,Hyderabad,India
467,Netaji Subhas Chandra Bose International Airport,Kolkata,India
468,Pune International Airport,Pune,India
469,Indira Gandhi International Airport,Delhi,India
470,Chhatrapati Shivaji Maharaj International Airport,Mumbai,India
471,Kempegowda International Airport,Bengaluru,India
472,Rajiv Gandhi International Airport,Hyderabad,India
473,Netaji Subhas Chandra Bose International Airport,Kolkata,India
474,Pune International Airport,Pune,India
475,Indira Gandhi International Airport,Delhi,India
476,Chhatrapati Shivaji Maharaj International Airport,Mumbai,India
477,Kempegowda International Airport,Bengaluru,India
478,Rajiv Gandhi International Airport,Hyderabad,India
479,Netaji Subhas Chandra Bose International Airport,Kolkata,India
480,Pune International Airport,Pune,India
481,Indira Gandhi International Airport,Delhi,India
482,Chhatrapati Shivaji Maharaj International Airport,Mumbai,India
483,Kempegowda International Airport,Bengaluru,India
484,Rajiv Gandhi International Airport,Hyderabad,India
485,Netaji Subhas Chandra Bose International Airport,Kolkata,India
486,Pune International Airport,Pune,India
487,Indira Gandhi International Airport,Delhi,India
488,Chhatrapati Shivaji Maharaj International Airport,Mumbai,India
489,Kempegowda International Airport,Bengaluru,India
490,Rajiv Gandhi International Airport,Hyderabad,India
491,Netaji Subhas Chandra Bose International Airport,Kolkata,India
492,Pune International Airport,Pune,India
493,Indira Gandhi International Airport,Delhi,India
494,Chhatrapati Shivaji Maharaj International Airport,Mumbai,India
495,Kempegowda International Airport,Bengaluru,India
496,Rajiv Gandhi International Airport,Hyderabad,India
497,Netaji Subhas Chandra Bose International Airport,Kolkata,India
498,Pune International Airport,Pune,India
499,Indira Gandhi International Airport,Delhi,India
500,Chhatrapati Shivaji Maharaj International Airport,Mumbai,India
501,Kempegowda International Airport,Bengaluru,India
502,Rajiv Gandhi International Airport,Hyderabad,India
503,Netaji Subhas Chandra Bose International Airport,Kolkata,India
504,Pune International Airport,Pune,India
505,Indira Gandhi International Airport,Delhi,India
506,Chhatrapati Shivaji Maharaj International Airport,Mumbai,India
507,Kempegowda International Airport,Bengaluru,India
508,Rajiv Gandhi International Airport,Hyderabad,India
509,Netaji Subhas Chandra Bose International Airport,Kolkata,India
510,Pune International Airport,Pune,India
511,Indira Gandhi International Airport,Delhi,India
512,Chhatrapati Shivaji Maharaj International Airport,Mumbai,India
513,Kempegowda International Airport,Bengaluru,India
514,Rajiv Gandhi International Airport,Hyderabad,India
515,Netaji Subhas Chandra Bose International Airport,Kolkata,India
516,Pune International Airport,Pune,India
517,Indira Gandhi International Airport,Delhi,India
518,Chhatrapati Shivaji Maharaj International Airport,Mumbai,India
519,Kempegowda International Airport,Bengaluru,India
520,Rajiv Gandhi International Airport,Hyderabad,India
521,Netaji Subhas Chandra Bose International Airport,Kolkata,India
522,Pune International Airport,Pune,India
523,Indira Gandhi International Airport,Delhi,India
524,Chhatrapati Shivaji Maharaj International Airport,Mumbai,India
525,Kempegowda International Airport,Bengaluru,India
526,Rajiv Gandhi International Airport,Hyderabad,India
527,Netaji Subhas Chandra Bose International Airport,Kolkata,India
528,Pune International Airport,Pune,India
529,Indira Gandhi International Airport,Delhi,India
530,Chhatrapati Shivaji Maharaj International Airport,Mumbai,India
531,Kempegowda International Airport,Bengaluru,India
532,Rajiv Gandhi International Airport,Hyderabad,India
533,Netaji Subhas Chandra Bose International Airport,Kolkata,India
534,Pune International Airport,Pune,India
535,Indira Gandhi International Airport,Delhi,India
536,Chhatrapati Shivaji Maharaj International Airport,Mumbai,India
537,Kempegowda International Airport,Bengaluru,India
538,Rajiv Gandhi International Airport,Hyderabad,India
539,Netaji Subhas Chandra Bose International Airport,Kolkata,India
540,Pune International Airport,Pune,India
541,Indira Gandhi International Airport,Delhi,India
542,Chhatrapati Shivaji Maharaj International Airport,Mumbai,India
543,Kempegowda International Airport,Bengaluru,India
544,Rajiv Gandhi International Airport,Hyderabad,India
545,Netaji Subhas Chandra Bose International Airport,Kolkata,India
546,Pune International Airport,Pune,India
547,Indira Gandhi International Airport,Delhi,India
548,Chhatrapati Shivaji Maharaj International Airport,Mumbai,India
549,Kempegowda International Airport,Bengaluru,India
550,Rajiv Gandhi International Airport,Hyderabad,India
551,Netaji Subhas Chandra Bose International Airport,Kolkata,India
552,Pune International Airport,Pune,India
553,Indira Gandhi International Airport,Delhi,India
554,Chhatrapati Shivaji Maharaj International Airport,Mumbai,India
555,Kempegowda International Airport,Bengaluru,India
556,Rajiv Gandhi International Airport,Hyderabad,India
557,Netaji Subhas Chandra Bose International Airport,Kolkata,India
558,Pune International Airport,Pune,India
559,Indira Gandhi International Airport,Delhi,India
560,Chhatrapati Shivaji Maharaj International Airport,Mumbai,India
561,Kempegowda International Airport,Bengaluru,India
562,Rajiv Gandhi International Airport,Hyderabad,India
563,Netaji Subhas Chandra Bose International Airport,Kolkata,India
564,Pune International Airport,Pune,India
565,Indira Gandhi International Airport,Delhi,India
566,Chhatrapati Shivaji Maharaj International Airport,Mumbai,India
567,Kempegowda International Airport,Bengaluru,India
568,Rajiv Gandhi International Airport,Hyderabad,India
569,Netaji Subhas Chandra Bose International Airport,Kolkata,India
570,Pune International Airport,Pune,India
571,Indira Gandhi International Airport,Delhi,India
572,Chhatrapati Shivaji Maharaj International Airport,Mumbai,India
573,Kempegowda International Airport,Bengaluru,India
574,Rajiv Gandhi International Airport,Hyderabad,India
575,Netaji Subhas Chandra Bose International Airport,Kolkata,India
576,Pune International Airport,Pune,India
577,Indira Gandhi International Airport,Delhi,India
578,Chhatrapati Shivaji Maharaj International Airport,Mumbai,India
579,Kempegowda International Airport,Bengaluru,India
580,Rajiv Gandhi International Airport,Hyderabad,India
581,Netaji Subhas Chandra Bose International Airport,Kolkata,India
582,Pune International Airport,Pune,India
583,Indira Gandhi International Airport,Delhi,India
584,Chhatrapati Shivaji Maharaj International Airport,Mumbai,India
585,Kempegowda International Airport,Bengaluru,India
586,Rajiv Gandhi International Airport,Hyderabad,India
587,Netaji Subhas Chandra Bose International Airport,Kolkata,India
588,Pune International Airport,Pune,India
589,Indira Gandhi International Airport,Delhi,India
590,Chhatrapati Shivaji Maharaj International Airport,Mumbai,India
591,Kempegowda International Airport,Bengaluru,India
592,Rajiv Gandhi International Airport,Hyderabad,India
593,Netaji Subhas Chandra Bose International Airport,Kolkata,India
594,Pune International Airport,Pune,India
595,Indira Gandhi International Airport,Delhi,India
596,Chhatrapati Shivaji Maharaj International Airport,Mumbai,India
597,Kempegowda International Airport,Bengaluru,India
598,Rajiv Gandhi International Airport,Hyderabad,India
599,Netaji Subhas Chandra Bose International Airport,Kolkata,India
600,Pune International Airport,Pune,India
601,Indira Gandhi International Airport,Delhi,India
602,Chhatrapati Shivaji Maharaj International Airport,Mumbai,India
603,Kempegowda International Airport,Bengaluru,India
604,Rajiv Gandhi International Airport,Hyderabad,India
605,Netaji Subhas Chandra Bose International Airport,Kolkata,India
606,Pune International Airport,Pune,India
607,Indira Gandhi International Airport,Delhi,India
608,Chhatrapati Shivaji Maharaj International Airport,Mumbai,India
609,Kempegowda International Airport,Bengaluru,India
610,Rajiv Gandhi International Airport,Hyderabad,India
611,Netaji Subhas Chandra Bose International Airport,Kolkata,India
612,Pune International Airport,Pune,India
613,Indira Gandhi International Airport,Delhi,India
614,Chhatrapati Shivaji Maharaj International Airport,Mumbai,India
615,Kempegowda International Airport,Bengaluru,India
616,Rajiv Gandhi International Airport,Hyderabad,India
617,Netaji Subhas Chandra Bose International Airport,Kolkata,India
618,Pune International Airport,Pune,India
619,Indira Gandhi International Airport,Delhi,India
620,Chhatrapati Shivaji Maharaj International Airport,Mumbai,India
621,Kempegowda International Airport,Bengaluru,India
622,Rajiv Gandhi International Airport,Hyderabad,India
623,Netaji Subhas Chandra Bose International Airport,Kolkata,India
624,Pune International Airport,Pune,India
625,Indira Gandhi International Airport,Delhi,India
626,Chhatrapati Shivaji Maharaj International Airport,Mumbai,India
627,Kempegowda International Airport,Bengaluru,India
628,Rajiv Gandhi International Airport,Hyderabad,India
629,Netaji Subhas Chandra Bose International Airport,Kolkata,India
630,Pune International Airport,Pune,India
631,Indira Gandhi International Airport,Delhi,India
632,Chhatrapati Shivaji Maharaj International Airport,Mumbai,India
633,Kempegowda International Airport,Bengaluru,India
634,Rajiv Gandhi International Airport,Hyderabad,India
635,Netaji Subhas Chandra Bose International Airport,Kolkata,India
636,Pune International Airport,Pune,India
637,Indira Gandhi International Airport,Delhi,India
638,Chhatrapati Shivaji Maharaj International Airport,Mumbai,India
639,Kempegowda International Airport,Bengaluru,India
640,Rajiv Gandhi International Airport,Hyderabad,India
641,Netaji Subhas Chandra Bose International Airport,Kolkata,India
642,Pune International Airport,Pune,India
643,Indira Gandhi International Airport,Delhi,India
644,Chhatrapati Shivaji Maharaj International Airport,Mumbai,India
645,Kempegowda International Airport,Bengaluru,India
646,Rajiv Gandhi International Airport,Hyderabad,India
647,Netaji Subhas Chandra Bose International Airport,Kolkata,India
648,Pune International Airport,Pune,India
649,Indira Gandhi International Airport,Delhi,India
650,Chhatrapati Shivaji Maharaj International Airport,Mumbai,India
651,Kempegowda International Airport,Bengaluru,India
652,Rajiv Gandhi International Airport,Hyderabad,India
653,Netaji Subhas Chandra Bose International Airport,Kolkata,India
654,Pune International Airport,Pune,India
655,Indira Gandhi International Airport,Delhi,India
656,Chhatrapati Shivaji Maharaj International Airport,Mumbai,India
657,Kempegowda International Airport,Bengaluru,India
658,Rajiv Gandhi International Airport,Hyderabad,India
659,Netaji Subhas Chandra Bose International Airport,Kolkata,India
660,Pune International Airport,Pune,India
661,Indira Gandhi International Airport,Delhi,India
662,Chhatrapati Shivaji Maharaj International Airport,Mumbai,India
663,Kempegowda International Airport,Bengaluru,India
664,Rajiv Gandhi International Airport,Hyderabad,India
665,Netaji Subhas Chandra Bose International Airport,Kolkata,India
666,Pune International Airport,Pune,India
667,Indira Gandhi International Airport,Delhi,India
668,Chhatrapati Shivaji Maharaj International Airport,Mumbai,India
669,Kempegowda International Airport,Bengaluru,India
670,Rajiv Gandhi International Airport,Hyderabad,India
671,Netaji Subhas Chandra Bose International Airport,Kolkata,India
672,Pune International Airport,Pune,India
673,Indira Gandhi International Airport,Delhi,India
674,Chhatrapati Shivaji Maharaj International Airport,Mumbai,India
675,Kempegowda International Airport,Bengaluru,India
676,Rajiv Gandhi International Airport,Hyderabad,India
677,Netaji Subhas Chandra Bose International Airport,Kolkata,India
678,Pune International Airport,Pune,India
679,Indira Gandhi International Airport,Delhi,India
680,Chhatrapati Shivaji Maharaj International Airport,Mumbai,India
681,Kempegowda International Airport,Bengaluru,India
682,Rajiv Gandhi International Airport,Hyderabad,India
683,Netaji Subhas Chandra Bose International Airport,Kolkata,India
684,Pune International Airport,Pune,India
685,Indira Gandhi International Airport,Delhi,India
686,Chhatrapati Shivaji Maharaj International Airport,Mumbai,India
687,Kempegowda International Airport,Bengaluru,India
688,Rajiv Gandhi International Airport,Hyderabad,India
689,Netaji Subhas Chandra Bose International Airport,Kolkata,India
690,Pune International Airport,Pune,India
691,Indira Gandhi International Airport,Delhi,India
692,Chhatrapati Shivaji Maharaj International Airport,Mumbai,India
693,Kempegowda International Airport,Bengaluru,India
694,Rajiv Gandhi International Airport,Hyderabad,India
695,Netaji Subhas Chandra Bose International Airport,Kolkata,India
696,Pune International Airport,Pune,India
697,Indira Gandhi International Airport,Delhi,India
698,Chhatrapati Shivaji Maharaj International Airport,Mumbai,India
699,Kempegowda International Airport,Bengaluru,India
700,Rajiv Gandhi International Airport,Hyderabad,India
701,Netaji Subhas Chandra Bose International Airport,Kolkata,India
702,Pune International Airport,Pune,India
703,Indira Gandhi International Airport,Delhi,India
704,Chhatrapati Shivaji Maharaj International Airport,Mumbai,India
705,Kempegowda International Airport,Bengaluru,India
706,Rajiv Gandhi International Airport,Hyderabad,India
707,Netaji Subhas Chandra Bose International Airport,Kolkata,India
708,Pune International Airport,Pune,India
709,Indira Gandhi International Airport,Delhi,India
710,Chhatrapati Shivaji Maharaj International Airport,Mumbai,India
711,Kempegowda International Airport,Bengaluru,India
712,Rajiv Gandhi International Airport,Hyderabad,India
713,Netaji Subhas Chandra Bose International Airport,Kolkata,India
714,Pune International Airport,Pune,India
715,Indira Gandhi International Airport,Delhi,India
716,Chhatrapati Shivaji Maharaj International Airport,Mumbai,India
717,Kempegowda International Airport,Bengaluru,India
718,Rajiv Gandhi International Airport,Hyderabad,India
719,Netaji Subhas Chandra Bose International Airport,Kolkata,India
720,Pune International Airport,Pune,India
721,Indira Gandhi International Airport,Delhi,India
722,Chhatrapati Shivaji Maharaj International Airport,Mumbai,India
723,Kempegowda International Airport,Bengaluru,India
724,Rajiv Gandhi International Airport,Hyderabad,India
725,Netaji Subhas Chandra Bose International Airport,Kolkata,India
726,Pune International Airport,Pune,India
727,Indira Gandhi International Airport,Delhi,India
728,Chhatrapati Shivaji Maharaj International Airport,Mumbai,India
729,Kempegowda International Airport,Bengaluru,India
730,Rajiv Gandhi International Airport,Hyderabad,India
731,Netaji Subhas Chandra Bose International Airport,Kolkata,India
732,Pune International Airport,Pune,India
733,Indira Gandhi International Airport,Delhi,India
734,Chhatrapati Shivaji Maharaj International Airport,Mumbai,India
735,Kempegowda International Airport,Bengaluru,India
736,Rajiv Gandhi International Airport,Hyderabad,India
737,Netaji Subhas Chandra Bose International Airport,Kolkata,India
738,Pune International Airport,Pune,India
739,Indira Gandhi International Airport,Delhi,India
740,Chhatrapati Shivaji Maharaj International Airport,Mumbai,India
741,Kempegowda International Airport,Bengaluru,India
742,Rajiv Gandhi International Airport,Hyderabad,India
743,Netaji Subhas Chandra Bose International Airport,Kolkata,India
744,Pune International Airport,Pune,India
745,Indira Gandhi International Airport,Delhi,India
746,Chhatrapati Shivaji Maharaj International Airport,Mumbai,India
747,Kempegowda International Airport,Bengaluru,India
748,Rajiv Gandhi International Airport,Hyderabad,India
749,Netaji Subhas Chandra Bose International Airport,Kolkata,India
750,Pune International Airport,Pune,India
751,Indira Gandhi International Airport,Delhi,India
752,Chhatrapati Shivaji Maharaj International Airport,Mumbai,India
753,Kempegowda International Airport,Bengaluru,India
754,Rajiv Gandhi International Airport,Hyderabad,India
755,Netaji Subhas Chandra Bose International Airport,Kolkata,India
756,Pune International Airport,Pune,India
757,Indira Gandhi International Airport,Delhi,India
758,Chhatrapati Shivaji Maharaj International Airport,Mumbai,India
759,Kempegowda International Airport,Bengaluru,India
760,Rajiv Gandhi International Airport,Hyderabad,India
761,Netaji Subhas Chandra Bose International Airport,Kolkata,India
762,Pune International Airport,Pune,India
763,Indira Gandhi International Airport,Delhi,India
764,Chhatrapati Shivaji Maharaj International Airport,Mumbai,India
765,Kempegowda International Airport,Bengaluru,India
766,Rajiv Gandhi International Airport,Hyderabad,India
767,Netaji Subhas Chandra Bose International Airport,Kolkata,India
768,Pune International Airport,Pune,India
769,Indira Gandhi International Airport,Delhi,India
770,Chhatrapati Shivaji Maharaj International Airport,Mumbai,India
771,Kempegowda International Airport,Bengaluru,India
772,Rajiv Gandhi International Airport,Hyderabad,India
773,Netaji Subhas Chandra Bose International Airport,Kolkata,India
774,Pune International Airport,Pune,India
775,Indira Gandhi International Airport,Delhi,India
776,Chhatrapati Shivaji Maharaj International Airport,Mumbai,India
777,Kempegowda International Airport,Bengaluru,India
778,Rajiv Gandhi International Airport,Hyderabad,India
779,Netaji Subhas Chandra Bose International Airport,Kolkata,India
780,Pune International Airport,Pune,India
781,Indira Gandhi International Airport,Delhi,India
782,Chhatrapati Shivaji Maharaj International Airport,Mumbai,India
783,Kempegowda International Airport,Bengaluru,India
784,Rajiv Gandhi International Airport,Hyderabad,India
785,Netaji Subhas Chandra Bose International Airport,Kolkata,India
786,Pune International Airport,Pune,India
787,Indira Gandhi International Airport,Delhi,India
788,Chhatrapati Shivaji Maharaj International Airport,Mumbai,India
789,Kempegowda International Airport,Bengaluru,India
790,Rajiv Gandhi International Airport,Hyderabad,India
791,Netaji Subhas Chandra Bose International Airport,Kolkata,India
792,Pune International Airport,Pune,India
793,Indira Gandhi International Airport,Delhi,India
794,Chhatrapati Shivaji Maharaj International Airport,Mumbai,India
795,Kempegowda International Airport,Bengaluru,India
796,Rajiv Gandhi International Airport,Hyderabad,India
797,Netaji Subhas Chandra Bose International Airport,Kolkata,India
798,Pune International Airport,Pune,India
799,Indira Gandhi International Airport,Delhi,India
800,Chhatrapati Shivaji Maharaj International Airport,Mumbai,India
801,Kempegowda International Airport,Bengaluru,India
802,Rajiv Gandhi International Airport,Hyderabad,India
803,Netaji Subhas Chandra Bose International Airport,Kolkata,India
804,Pune International Airport,Pune,India
805,Indira Gandhi International Airport,Delhi,India
806,Chhatrapati Shivaji Maharaj International Airport,Mumbai,India
807,Kempegowda International Airport,Bengaluru,India
808,Rajiv Gandhi International Airport,Hyderabad,India
809,Netaji Subhas Chandra Bose International Airport,Kolkata,India
810,Pune International Airport,Pune,India
811,Indira Gandhi International Airport,Delhi,India
812,Chhatrapati Shivaji Maharaj International Airport,Mumbai,India
813,Kempegowda International Airport,Bengaluru,India
814,Rajiv Gandhi International Airport,Hyderabad,India
815,Netaji Subhas Chandra Bose International Airport,Kolkata,India
816,Pune International Airport,Pune,India
817,Indira Gandhi International Airport,Delhi,India
818,Chhatrapati Shivaji Maharaj International Airport,Mumbai,India
819,Kempegowda International Airport,Bengaluru,India
820,Rajiv Gandhi International Airport,Hyderabad,India
821,Netaji Subhas Chandra Bose International Airport,Kolkata,India
822,Pune International Airport,Pune,India
823,Indira Gandhi International Airport,Delhi,India
824,Chhatrapati Shivaji Maharaj International Airport,Mumbai,India
825,Kempegowda International Airport,Bengaluru,India
826,Rajiv Gandhi International Airport,Hyderabad,India
827,Netaji Subhas Chandra Bose International Airport,Kolkata,India
828,Pune International Airport,Pune,India
829,Indira Gandhi International Airport,Delhi,India
830,Chhatrapati Shivaji Maharaj International Airport,Mumbai,India
831,Kempegowda International Airport,Bengaluru,India
832,Rajiv Gandhi International Airport,Hyderabad,India
833,Netaji Subhas Chandra Bose International Airport,Kolkata,India
834,Pune International Airport,Pune,India
835,Indira Gandhi International Airport,Delhi,India
836,Chhatrapati Shivaji Maharaj International Airport,Mumbai,India
837,Kempegowda International Airport,Bengaluru,India
838,Rajiv Gandhi International Airport,Hyderabad,India
839,Netaji Subhas Chandra Bose International Airport,Kolkata,India
840,Pune International Airport,Pune,India
841,Indira Gandhi International Airport,Delhi,India
842,Chhatrapati Shivaji Maharaj International Airport,Mumbai,India
843,Kempegowda International Airport,Bengaluru,India
844,Rajiv Gandhi International Airport,Hyderabad,India
845,Netaji Subhas Chandra Bose International Airport,Kolkata,India
846,Pune International Airport,Pune,India
847,Indira Gandhi International Airport,Delhi,India
848,Chhatrapati Shivaji Maharaj International Airport,Mumbai,India
849,Kempegowda International Airport,Bengaluru,India
850,Rajiv Gandhi International Airport,Hyderabad,India
851,Netaji Subhas Chandra Bose International Airport,Kolkata,India
852,Pune International Airport,Pune,India
853,Indira Gandhi International Airport,Delhi,India
854,Chhatrapati Shivaji Maharaj International Airport,Mumbai,India
855,Kempegowda International Airport,Bengaluru,India
856,Rajiv Gandhi International Airport,Hyderabad,India
857,Netaji Subhas Chandra Bose International Airport,Kolkata,India
858,Pune International Airport,Pune,India
859,Indira Gandhi International Airport,Delhi,India
860,Chhatrapati Shivaji Maharaj International Airport,Mumbai,India
861,Kempegowda International Airport,Bengaluru,India
862,Rajiv Gandhi International Airport,Hyderabad,India
863,Netaji Subhas Chandra Bose International Airport,Kolkata,India
864,Pune International Airport,Pune,India
865,Indira Gandhi International Airport,Delhi,India
866,Chhatrapati Shivaji Maharaj International Airport,Mumbai,India
867,Kempegowda International Airport,Bengaluru,India
868,Rajiv Gandhi International Airport,Hyderabad,India
869,Netaji Subhas Chandra Bose International Airport,Kolkata,India
870,Pune International Airport,Pune,India
871,Indira Gandhi International Airport,Delhi,India
872,Chhatrapati Shivaji Maharaj International Airport,Mumbai,India
873,Kempegowda International Airport,Bengaluru,India
874,Rajiv Gandhi International Airport,Hyderabad,India
875,Netaji Subhas Chandra Bose International Airport,Kolkata,India
876,Pune International Airport,Pune,India
877,Indira Gandhi International Airport,Delhi,India
878,Chhatrapati Shivaji Maharaj International Airport,Mumbai,India
879,Kempegowda International Airport,Bengaluru,India
880,Rajiv Gandhi International Airport,Hyderabad,India
881,Netaji Subhas Chandra Bose International Airport,Kolkata,India
882,Pune International Airport,Pune,India
883,Indira Gandhi International Airport,Delhi,India
884,Chhatrapati Shivaji Maharaj International Airport,Mumbai,India
885,Kempegowda International Airport,Bengaluru,India
886,Rajiv Gandhi International Airport,Hyderabad,India
887,Netaji Subhas Chandra Bose International Airport,Kolkata,India
888,Pune International Airport,Pune,India
889,Indira Gandhi International Airport,Delhi,India
890,Chhatrapati Shivaji Maharaj International Airport,Mumbai,India
891,Kempegowda International Airport,Bengaluru,India
892,Rajiv Gandhi International Airport,Hyderabad,India
893,Netaji Subhas Chandra Bose International Airport,Kolkata,India
894,Pune International Airport,Pune,India
895,Indira Gandhi International Airport,Delhi,India
896,Chhatrapati Shivaji Maharaj International Airport,Mumbai,India
897,Kempegowda International Airport,Bengaluru,India
898,Rajiv Gandhi International Airport,Hyderabad,India
899,Netaji Subhas Chandra Bose International Airport,Kolkata,India
900,Pune International Airport,Pune,India
901,Indira Gandhi International Airport,Delhi,India
902,Chhatrapati Shivaji Maharaj International Airport,Mumbai,India
903,Kempegowda International Airport,Bengaluru,India
904,Rajiv Gandhi International Airport,Hyderabad,India
905,Netaji Subhas Chandra Bose International Airport,Kolkata,India
906,Pune International Airport,Pune,India
907,Indira Gandhi International Airport,Delhi,India
908,Chhatrapati Shivaji Maharaj International Airport,Mumbai,India
909,Kempegowda International Airport,Bengaluru,India
910,Rajiv Gandhi International Airport,Hyderabad,India
911,Netaji Subhas Chandra Bose International Airport,Kolkata,India
912,Pune International Airport,Pune,India
913,Indira Gandhi International Airport,Delhi,India
914,Chhatrapati Shivaji Maharaj International Airport,Mumbai,India
915,Kempegowda International Airport,Bengaluru,India
916,Rajiv Gandhi International Airport,Hyderabad,India
917,Netaji Subhas Chandra Bose International Airport,Kolkata,India
918,Pune International Airport,Pune,India
919,Indira Gandhi International Airport,Delhi,India
920,Chhatrapati Shivaji Maharaj International Airport,Mumbai,India
921,Kempegowda International Airport,Bengaluru,India
922,Rajiv Gandhi International Airport,Hyderabad,India
923,Netaji Subhas Chandra Bose International Airport,Kolkata,India
924,Pune International Airport,Pune,India
925,Indira Gandhi International Airport,Delhi,India
926,Chhatrapati Shivaji Maharaj International Airport,Mumbai,India
927,Kempegowda International Airport,Bengaluru,India
928,Rajiv Gandhi International Airport,Hyderabad,India
929,Netaji Subhas Chandra Bose International Airport,Kolkata,India
930,Pune International Airport,Pune,India
931,Indira Gandhi International Airport,Delhi,India
932,Chhatrapati Shivaji Maharaj International Airport,Mumbai,India
933,Kempegowda International Airport,Bengaluru,India
934,Rajiv Gandhi International Airport,Hyderabad,India
935,Netaji Subhas Chandra Bose International Airport,Kolkata,India
936,Pune International Airport,Pune,India
937,Indira Gandhi International Airport,Delhi,India
938,Chhatrapati Shivaji Maharaj International Airport,Mumbai,India
939,Kempegowda International Airport,Bengaluru,India
940,Rajiv Gandhi International Airport,Hyderabad,India
941,Netaji Subhas Chandra Bose International Airport,Kolkata,India
942,Pune International Airport,Pune,India
943,Indira Gandhi International Airport,Delhi,India
944,Chhatrapati Shivaji Maharaj International Airport,Mumbai,India
945,Kempegowda International Airport,Bengaluru,India
946,Rajiv Gandhi International Airport,Hyderabad,India
947,Netaji Subhas Chandra Bose International Airport,Kolkata,India
948,Pune International Airport,Pune,India
949,Indira Gandhi International Airport,Delhi,India
950,Chhatrapati Shivaji Maharaj International Airport,Mumbai,India
951,Kempegowda International Airport,Bengaluru,India
952,Rajiv Gandhi International Airport,Hyderabad,India
953,Netaji Subhas Chandra Bose International Airport,Kolkata,India
954,Pune International Airport,Pune,India
955,Indira Gandhi International Airport,Delhi,India
956,Chhatrapati Shivaji Maharaj International Airport,Mumbai,India
957,Kempegowda International Airport,Bengaluru,India
958,Rajiv Gandhi International Airport,Hyderabad,India
959,Netaji Subhas Chandra Bose International Airport,Kolkata,India
960,Pune International Airport,Pune,India
961,Indira Gandhi International Airport,Delhi,India
962,Chhatrapati Shivaji Maharaj International Airport,Mumbai,India
963,Kempegowda International Airport,Bengaluru,India
964,Rajiv Gandhi International Airport,Hyderabad,India
965,Netaji Subhas Chandra Bose International Airport,Kolkata,India
966,Pune International Airport,Pune,India
967,Indira Gandhi International Airport,Delhi,India
968,Chhatrapati Shivaji Maharaj International Airport,Mumbai,India
969,Kempegowda International Airport,Bengaluru,India
970,Rajiv Gandhi International Airport,Hyderabad,India
971,Netaji Subhas Chandra Bose International Airport,Kolkata,India
972,Pune International Airport,Pune,India
973,Indira Gandhi International Airport,Delhi,India
974,Chhatrapati Shivaji Maharaj International Airport,Mumbai,India
975,Kempegowda International Airport,Bengaluru,India
976,Rajiv Gandhi International Airport,Hyderabad,India
977,Netaji Subhas Chandra Bose International Airport,Kolkata,India
978,Pune International Airport,Pune,India
979,Indira Gandhi International Airport,Delhi,India
980,Chhatrapati Shivaji Maharaj International Airport,Mumbai,India
981,Kempegowda International Airport,Bengaluru,India
982,Rajiv Gandhi International Airport,Hyderabad,India
983,Netaji Subhas Chandra Bose International Airport,Kolkata,India
984,Pune International Airport,Pune,India
985,Indira Gandhi International Airport,Delhi,India
986,Chhatrapati Shivaji Maharaj International Airport,Mumbai,India
987,Kempegowda International Airport,Bengaluru,India
988,Rajiv Gandhi International Airport,Hyderabad,India
989,Netaji Subhas Chandra Bose International Airport,Kolkata,India
990,Pune International Airport,Pune,India
991,Indira Gandhi International Airport,Delhi,India
992,Chhatrapati Shivaji Maharaj International Airport,Mumbai,India
993,Kempegowda International Airport,Bengaluru,India
994,Rajiv Gandhi International Airport,Hyderabad,India
995,Netaji Subhas Chandra Bose International Airport,Kolkata,India
996,Pune International Airport,Pune,India
997,Indira Gandhi International Airport,Delhi,India
998,Chhatrapati Shivaji Maharaj International Airport,Mumbai,India
999,Kempegowda International Airport,Bengaluru,India
1000,Rajiv Gandhi International Airport,Hyderabad,India
